[
	{		
		"+17868777177": {
			"name": "Andrew",
			"age": 42,
			"sex": "male",
			"phone": "+17868777177",
			"allergies": [],
			"counter": 0
		},

		"+19518010312": {
			"name": "Minghong",
			"age": 23,
			"sex": "female",
			"phone": "+19518010312",
			"allergies": [],
			"counter": 0
		},

		"+18056377924": {
			"name": "Shengyang",
			"age": 25,
			"sex": "male",
			"phone": "+18056377924",
			"allergies": [],
			"counter": 0
		},

		"+19292088929": {
			"name": "Janak",
			"age": 27,
			"sex": "male",
			"phone": "+19292088929",
			"allergies": [],
			"counter": 0
		}
	}

]